inventory_id,store_id,product_id,stock_quantity,reorder_level,updated_at
INV000001,S001,P0001,60,22,2026-10-04T15:12:05
INV000002,S001,P0002,53,29,2026-10-04T15:12:05
INV000003,S001,P0003,89,11,2026-10-04T15:12:05
INV000004,S001,P0004,86,13,2026-10-04T15:12:05
INV000005,S001,P0005,30,13,2026-10-04T15:12:05
INV000006,S002,P0001,27,26,2026-10-04T15:12:05
INV000007,S002,P0002,84,12,2026-10-04T15:12:05
INV000008,S002,P0003,4,23,2026-10-04T15:12:05
INV000009,S002,P0004,91,14,2026-10-04T15:12:05
INV000010,S002,P0005,70,13,2026-10-04T15:12:05
INV000011,S003,P0001,14,15,2026-10-04T15:12:05
INV000012,S003,P0002,58,26,2026-10-04T15:12:05
INV000013,S003,P0003,10,25,2026-10-04T15:12:05
INV000014,S003,P0004,61,28,2026-10-04T15:12:05
INV000015,S003,P0005,46,26,2026-10-04T15:12:05
